{
    "train_kld": 3.1727676391601562,
    "train_mae": 0.008984449319541454,
    "train_mse": 0.00672837533056736,
    "valid_kld": 3.178537130355835,
    "valid_mae": 0.00907287560403347,
    "valid_mse": 0.00688885897397995
}